{
    "total_runtime": 0.40161967277526855,
    "num_documents": 50,
    "input_load_time": 0,
    "workflows": {
        "create_base_text_units": {
            "overall": 0.28676557540893555,
            "0_orderby": 0.0030040740966796875,
            "1_zip": 0.002000093460083008,
            "2_aggregate_override": 0.005515336990356445,
            "3_chunk": 0.22807526588439941,
            "4_select": 0.005517005920410156,
            "5_unroll": 0.008038997650146484,
            "6_rename": 0.0045049190521240234,
            "7_genid": 0.005518436431884766,
            "8_unzip": 0.004512786865234375,
            "9_copy": 0.0045392513275146484,
            "10_filter": 0.013654708862304688
        }
    }
}