{
    "total_runtime": 0.34665989875793457,
    "num_documents": 50,
    "input_load_time": 0,
    "workflows": {
        "create_base_text_units": {
            "overall": 0.23394536972045898,
            "0_orderby": 0.003002166748046875,
            "1_zip": 0.0035114288330078125,
            "2_aggregate_override": 0.00500941276550293,
            "3_chunk": 0.18236589431762695,
            "4_select": 0.0035140514373779297,
            "5_unroll": 0.0049991607666015625,
            "6_rename": 0.0035033226013183594,
            "7_genid": 0.005010366439819336,
            "8_unzip": 0.0045049190521240234,
            "9_copy": 0.004010677337646484,
            "10_filter": 0.012514591217041016
        }
    }
}