{
    "total_runtime": 0.4116036891937256,
    "num_documents": 50,
    "input_load_time": 0,
    "workflows": {
        "create_base_text_units": {
            "overall": 0.28037571907043457,
            "0_orderby": 0.002000093460083008,
            "1_zip": 0.0030012130737304688,
            "2_aggregate_override": 0.004518747329711914,
            "3_chunk": 0.23116087913513184,
            "4_select": 0.004293918609619141,
            "5_unroll": 0.004678010940551758,
            "6_rename": 0.0030007362365722656,
            "7_genid": 0.004149198532104492,
            "8_unzip": 0.006005764007568359,
            "9_copy": 0.003522634506225586,
            "10_filter": 0.012047529220581055
        }
    }
}