{
    "total_runtime": 6.049470663070679,
    "num_documents": 26828,
    "input_load_time": 0,
    "workflows": {
        "create_base_text_units": {
            "overall": 5.932772397994995,
            "0_orderby": 0.019031286239624023,
            "1_zip": 0.019064903259277344,
            "2_aggregate_override": 0.29805564880371094,
            "3_chunk": 4.992870092391968,
            "4_select": 0.006006479263305664,
            "5_unroll": 0.018564701080322266,
            "6_rename": 0.006525754928588867,
            "7_genid": 0.31443238258361816,
            "8_unzip": 0.014053821563720703,
            "9_copy": 0.0050144195556640625,
            "10_filter": 0.2361462116241455
        }
    }
}